{
	"info": {
		"_postman_id": "6214171e-1f29-4134-baeb-074a8196d279",
		"name": "UFPR - TCC - Secretaria",
		"schema": "https://schema.getpostman.com/json/collection/v2.1.0/collection.json",
		"_exporter_id": "17286749",
		"_collection_link": "https://crimson-robot-722900.postman.co/workspace/Team-Workspace~1690a07e-ed0f-498d-8bef-72b3b980319f/collection/17286749-6214171e-1f29-4134-baeb-074a8196d279?action=share&source=collection_link&creator=17286749"
	},
	"item": [
		{
			"name": "Auth",
			"item": [
				{
					"name": "Cadastro Usuário",
					"request": {
						"method": "POST",
						"header": [],
						"body": {
							"mode": "raw",
							"raw": "{\r\n    \"email\": \"proffdgdfgessor@hotmail.com\",\r\n    \"senha\": \"Teste@123\",\r\n    \"nome\": \"Lucas\",\r\n    \"sobrenome\": \"Professor\",\r\n    \"nascimento\": \"1999-07-28\",\r\n    \"registro\": \"PRF20df193759\"\r\n}",
							"options": {
								"raw": {
									"language": "json"
								}
							}
						},
						"url": {
							"raw": "{{base_url}}auth/create",
							"host": [
								"{{base_url}}auth"
							],
							"path": [
								"create"
							]
						}
					},
					"response": [
						{
							"name": "New Request",
							"originalRequest": {
								"method": "POST",
								"header": [],
								"body": {
									"mode": "raw",
									"raw": "{\r\n    \"email\": \"perussilucas@hotmail.com\",\r\n    \"senha\": \"Teste@123\",\r\n    \"nome\": \"Lucas\",\r\n    \"sobrenome\": \"Perussi\",\r\n    \"nascimento\": \"1999-07-28\",\r\n    \"registro\": \"GRR20193759\"\r\n}",
									"options": {
										"raw": {
											"language": "json"
										}
									}
								},
								"url": {
									"raw": "{{base_url}}auth/create",
									"host": [
										"{{base_url}}auth"
									],
									"path": [
										"create"
									]
								}
							},
							"status": "Created",
							"code": 201,
							"_postman_previewlanguage": "json",
							"header": [
								{
									"key": "X-Powered-By",
									"value": "Express"
								},
								{
									"key": "Access-Control-Allow-Origin",
									"value": "*"
								},
								{
									"key": "Content-Type",
									"value": "application/json; charset=utf-8"
								},
								{
									"key": "Content-Length",
									"value": "189"
								},
								{
									"key": "ETag",
									"value": "W/\"bd-Heitc2G2Bx1zPPkwOJR30fAdjk8\""
								},
								{
									"key": "Date",
									"value": "Thu, 10 Oct 2024 14:03:56 GMT"
								},
								{
									"key": "Connection",
									"value": "keep-alive"
								},
								{
									"key": "Keep-Alive",
									"value": "timeout=5"
								}
							],
							"cookie": [],
							"body": "{\n    \"user\": {\n        \"id\": \"5\",\n        \"email\": \"perussilsucas@hotmail.com\",\n        \"nome\": \"Lucas\",\n        \"sobrenome\": \"Perussi\",\n        \"nascimento\": \"1999-07-28T00:00:00.000Z\",\n        \"registro\": \"GRR201sd93759\",\n        \"funcao\": 1,\n        \"status_usuario\": 1\n    }\n}"
						}
					]
				},
				{
					"name": "Login",
					"request": {
						"method": "POST",
						"header": [],
						"body": {
							"mode": "raw",
							"raw": "{\r\n    \"email\": \"perussilucas@hotmail.com\",\r\n    \"senha\": \"Teste@123\"\r\n}",
							"options": {
								"raw": {
									"language": "json"
								}
							}
						},
						"url": {
							"raw": "{{base_url}}auth/login",
							"host": [
								"{{base_url}}auth"
							],
							"path": [
								"login"
							]
						}
					},
					"response": [
						{
							"name": "Cadastro Usuário Copy",
							"originalRequest": {
								"method": "POST",
								"header": [],
								"body": {
									"mode": "raw",
									"raw": "{\r\n    \"email\": \"perussilucas@hotmail.com\",\r\n    \"senha\": \"Teste@123\"\r\n}",
									"options": {
										"raw": {
											"language": "json"
										}
									}
								},
								"url": {
									"raw": "{{base_url}}auth/login",
									"host": [
										"{{base_url}}auth"
									],
									"path": [
										"login"
									]
								}
							},
							"status": "OK",
							"code": 200,
							"_postman_previewlanguage": "json",
							"header": [
								{
									"key": "X-Powered-By",
									"value": "Express"
								},
								{
									"key": "Access-Control-Allow-Origin",
									"value": "*"
								},
								{
									"key": "Content-Type",
									"value": "application/json; charset=utf-8"
								},
								{
									"key": "Content-Length",
									"value": "292"
								},
								{
									"key": "ETag",
									"value": "W/\"124-+zgbqCgQPQKWk39E3YXjnTtexW0\""
								},
								{
									"key": "Date",
									"value": "Thu, 10 Oct 2024 14:30:53 GMT"
								},
								{
									"key": "Connection",
									"value": "keep-alive"
								},
								{
									"key": "Keep-Alive",
									"value": "timeout=5"
								}
							],
							"cookie": [],
							"body": "{\n    \"token\": \"eyJhbGciOiJIUzI1NiIsInR5cCI6IkpXVCJ9.eyJ1c2VyIjoiNCIsInJvbGUiOjEsImNsaWVudCI6IkFQSSIsImlhdCI6MTcyODU3MDY1MywiZXhwIjoxNzI4NTc3ODUzfQ.RxO-owtmPsigdSnHkFXIQgh3m7RTb9gahK8AaGqoZKg\",\n    \"user\": {\n        \"id\": \"4\",\n        \"name\": \"Lucas Perussi\",\n        \"email\": \"perussilucas@hotmail.com\",\n        \"role\": \"Member\",\n        \"picture\": \"\"\n    }\n}"
						}
					]
				}
			]
		},
		{
			"name": "Internship",
			"item": [
				{
					"name": "Root",
					"request": {
						"method": "GET",
						"header": [],
						"url": {
							"raw": "{{base_url}}internship",
							"host": [
								"{{base_url}}internship"
							]
						}
					},
					"response": []
				},
				{
					"name": "New Internship",
					"request": {
						"method": "POST",
						"header": [
							{
								"key": "Authorization",
								"value": "{{api_key}}",
								"type": "text"
							}
						],
						"body": {
							"mode": "raw",
							"raw": "{\r\n    \"aluno\": 24,\r\n    \"professor_orientador\": 25,\r\n    \"empresa\": 1,\r\n    \"area_atuacao\": \"Desenvolvimento de Software\",\r\n    \"data_inicio\": \"2023-10-11\",\r\n    \"duracaoMeses\": 6\r\n}",
							"options": {
								"raw": {
									"language": "json"
								}
							}
						},
						"url": {
							"raw": "{{base_url}}internship/new",
							"host": [
								"{{base_url}}internship"
							],
							"path": [
								"new"
							]
						},
						"description": "No tipo:\n\n1: Empresa Privada\n\n2: Empresa Junior\n\n3: Empresa Governamental\n\n4: ONG\n\n5: Empresa do Exterior\n\n6: Freelancer\n\n7: MEI\n\n99: Não Informado"
					},
					"response": [
						{
							"name": "new Internship",
							"originalRequest": {
								"method": "POST",
								"header": [
									{
										"key": "Authorization",
										"value": "{{api_key}}",
										"type": "text"
									}
								],
								"body": {
									"mode": "raw",
									"raw": "{\r\n    \"aluno\": 24,\r\n    \"professor_orientador\": 25,\r\n    \"empresa\": 1,\r\n    \"area_atuacao\": \"Desenvolvimento de Software\",\r\n    \"data_inicio\": \"2023-10-11\",\r\n    \"duracaoMeses\": 6\r\n  }",
									"options": {
										"raw": {
											"language": "json"
										}
									}
								},
								"url": {
									"raw": "{{base_url}}internship/new",
									"host": [
										"{{base_url}}internship"
									],
									"path": [
										"new"
									]
								}
							},
							"status": "OK",
							"code": 200,
							"_postman_previewlanguage": "json",
							"header": [
								{
									"key": "X-Powered-By",
									"value": "Express"
								},
								{
									"key": "Access-Control-Allow-Origin",
									"value": "*"
								},
								{
									"key": "Content-Type",
									"value": "application/json; charset=utf-8"
								},
								{
									"key": "Content-Length",
									"value": "307"
								},
								{
									"key": "ETag",
									"value": "W/\"133-25osjrp6CbHrK+eo6w/Pismk9do\""
								},
								{
									"key": "Date",
									"value": "Fri, 11 Oct 2024 14:07:40 GMT"
								},
								{
									"key": "Connection",
									"value": "keep-alive"
								},
								{
									"key": "Keep-Alive",
									"value": "timeout=5"
								}
							],
							"cookie": [],
							"body": "{\n    \"message\": \"Estágio criado com sucesso\",\n    \"estagio\": {\n        \"id\": 1,\n        \"aluno\": 24,\n        \"professor_orientador\": 25,\n        \"codigo_estagio\": 1880846715,\n        \"empresa\": 1,\n        \"area_atuacao\": \"Desenvolvimento de Software\",\n        \"data_inicio\": \"2023-10-11T00:00:00.000Z\",\n        \"data_renovacao\": \"2024-04-11T00:00:00.000Z\",\n        \"documentos_referencia\": null,\n        \"status\": 1\n    }\n}"
						}
					]
				},
				{
					"name": "Internships by user",
					"request": {
						"method": "GET",
						"header": [
							{
								"key": "Authorization",
								"value": "{{api_key}}",
								"type": "text"
							}
						],
						"url": {
							"raw": "{{base_url}}internship/all/24",
							"host": [
								"{{base_url}}internship"
							],
							"path": [
								"all",
								"24"
							]
						}
					},
					"response": [
						{
							"name": "Internships by user",
							"originalRequest": {
								"method": "GET",
								"header": [
									{
										"key": "Authorization",
										"value": "{{api_key}}",
										"type": "text"
									}
								],
								"url": {
									"raw": "{{base_url}}internship/all/24",
									"host": [
										"{{base_url}}internship"
									],
									"path": [
										"all",
										"24"
									]
								}
							},
							"status": "OK",
							"code": 200,
							"_postman_previewlanguage": "html",
							"header": [
								{
									"key": "X-Powered-By",
									"value": "Express"
								},
								{
									"key": "Access-Control-Allow-Origin",
									"value": "*"
								},
								{
									"key": "Content-Type",
									"value": "text/html; charset=utf-8"
								},
								{
									"key": "Content-Length",
									"value": "1025"
								},
								{
									"key": "ETag",
									"value": "W/\"401-lG6bAWzrUhSEdStuwnjb/PKgOXU\""
								},
								{
									"key": "Date",
									"value": "Fri, 11 Oct 2024 17:47:17 GMT"
								},
								{
									"key": "Connection",
									"value": "keep-alive"
								},
								{
									"key": "Keep-Alive",
									"value": "timeout=5"
								}
							],
							"cookie": [],
							"body": "[{\"id\":1,\"aluno\":24,\"professor_orientador\":25,\"codigo_estagio\":1880846715,\"empresa\":1,\"area_atuacao\":\"Desenvolvimento de Software\",\"data_inicio\":\"2023-10-11T00:00:00.000Z\",\"data_renovacao\":\"2024-04-11T00:00:00.000Z\",\"documentos_referencia\":null,\"status\":1},{\"id\":3,\"aluno\":24,\"professor_orientador\":25,\"codigo_estagio\":2147483647,\"empresa\":1,\"area_atuacao\":\"Desenvolvimento de Software\",\"data_inicio\":\"2023-10-11T00:00:00.000Z\",\"data_renovacao\":\"2024-04-11T00:00:00.000Z\",\"documentos_referencia\":null,\"status\":1},{\"id\":8,\"aluno\":24,\"professor_orientador\":25,\"codigo_estagio\":2147483647,\"empresa\":1,\"area_atuacao\":\"Desenvolvimento de Software\",\"data_inicio\":\"2023-10-11T00:00:00.000Z\",\"data_renovacao\":\"2024-04-11T00:00:00.000Z\",\"documentos_referencia\":null,\"status\":1},{\"id\":9,\"aluno\":24,\"professor_orientador\":25,\"codigo_estagio\":2147483647,\"empresa\":1,\"area_atuacao\":\"Desenvolvimento de Software\",\"data_inicio\":\"2023-10-11T00:00:00.000Z\",\"data_renovacao\":\"2024-04-11T00:00:00.000Z\",\"documentos_referencia\":null,\"status\":1}]"
						}
					]
				},
				{
					"name": "Internship by ID",
					"request": {
						"method": "GET",
						"header": [
							{
								"key": "Authorization",
								"value": "{{api_key}}",
								"type": "text"
							}
						],
						"url": {
							"raw": "{{base_url}}internship/id/1",
							"host": [
								"{{base_url}}internship"
							],
							"path": [
								"id",
								"1"
							]
						}
					},
					"response": [
						{
							"name": "Internships by ID",
							"originalRequest": {
								"method": "GET",
								"header": [
									{
										"key": "Authorization",
										"value": "{{api_key}}",
										"type": "text"
									}
								],
								"url": {
									"raw": "{{base_url}}internship/id/1",
									"host": [
										"{{base_url}}internship"
									],
									"path": [
										"id",
										"1"
									]
								}
							},
							"status": "OK",
							"code": 200,
							"_postman_previewlanguage": "html",
							"header": [
								{
									"key": "X-Powered-By",
									"value": "Express"
								},
								{
									"key": "Access-Control-Allow-Origin",
									"value": "*"
								},
								{
									"key": "Content-Type",
									"value": "text/html; charset=utf-8"
								},
								{
									"key": "Content-Length",
									"value": "255"
								},
								{
									"key": "ETag",
									"value": "W/\"ff-ZlRKc80duoPyXSgtzx0PaG6sI+Y\""
								},
								{
									"key": "Date",
									"value": "Fri, 11 Oct 2024 17:50:27 GMT"
								},
								{
									"key": "Connection",
									"value": "keep-alive"
								},
								{
									"key": "Keep-Alive",
									"value": "timeout=5"
								}
							],
							"cookie": [],
							"body": "{\"id\":1,\"aluno\":24,\"professor_orientador\":25,\"codigo_estagio\":1880846715,\"empresa\":1,\"area_atuacao\":\"Desenvolvimento de Software\",\"data_inicio\":\"2023-10-11T00:00:00.000Z\",\"data_renovacao\":\"2024-04-11T00:00:00.000Z\",\"documentos_referencia\":null,\"status\":1}"
						}
					]
				},
				{
					"name": "Internship by code",
					"request": {
						"method": "GET",
						"header": [
							{
								"key": "Authorization",
								"value": "{{api_key}}",
								"type": "text"
							}
						],
						"url": {
							"raw": "{{base_url}}internship/code/1880846715",
							"host": [
								"{{base_url}}internship"
							],
							"path": [
								"code",
								"1880846715"
							]
						}
					},
					"response": [
						{
							"name": "Internship by Code",
							"originalRequest": {
								"method": "GET",
								"header": [
									{
										"key": "Authorization",
										"value": "{{api_key}}",
										"type": "text"
									}
								],
								"url": {
									"raw": "{{base_url}}internship/code/1880846715",
									"host": [
										"{{base_url}}internship"
									],
									"path": [
										"code",
										"1880846715"
									]
								}
							},
							"status": "OK",
							"code": 200,
							"_postman_previewlanguage": "json",
							"header": [
								{
									"key": "X-Powered-By",
									"value": "Express"
								},
								{
									"key": "Access-Control-Allow-Origin",
									"value": "*"
								},
								{
									"key": "Content-Type",
									"value": "application/json",
									"description": "",
									"type": "text"
								},
								{
									"key": "Content-Length",
									"value": "255"
								},
								{
									"key": "ETag",
									"value": "W/\"ff-ZlRKc80duoPyXSgtzx0PaG6sI+Y\""
								},
								{
									"key": "Date",
									"value": "Fri, 11 Oct 2024 17:52:36 GMT"
								},
								{
									"key": "Connection",
									"value": "keep-alive"
								},
								{
									"key": "Keep-Alive",
									"value": "timeout=5"
								}
							],
							"cookie": [],
							"body": "{\n    \"id\": 1,\n    \"aluno\": 24,\n    \"professor_orientador\": 25,\n    \"codigo_estagio\": 1880846715,\n    \"empresa\": 1,\n    \"area_atuacao\": \"Desenvolvimento de Software\",\n    \"data_inicio\": \"2023-10-11T00:00:00.000Z\",\n    \"data_renovacao\": \"2024-04-11T00:00:00.000Z\",\n    \"documentos_referencia\": null,\n    \"status\": 1\n}"
						}
					]
				}
			]
		},
		{
			"name": "Companies",
			"item": [
				{
					"name": "Root",
					"request": {
						"method": "GET",
						"header": [],
						"url": {
							"raw": "{{base_url}}companies",
							"host": [
								"{{base_url}}companies"
							]
						}
					},
					"response": []
				},
				{
					"name": "New Company",
					"request": {
						"method": "POST",
						"header": [
							{
								"key": "Authorization",
								"value": "{{api_key}}",
								"type": "text"
							}
						],
						"body": {
							"mode": "raw",
							"raw": "{\r\n    \"nome\": \"Apple\",\r\n    \"cnpj\": \"23.000.000/0001-35\",\r\n    \"emailContato\": \"perussilucas@apple.com\",\r\n    \"tipo\": 1\r\n}",
							"options": {
								"raw": {
									"language": "json"
								}
							}
						},
						"url": {
							"raw": "{{base_url}}companies/new",
							"host": [
								"{{base_url}}companies"
							],
							"path": [
								"new"
							]
						},
						"description": "No tipo:\n\n1: Empresa Privada\n\n2: Empresa Junior\n\n3: Empresa Governamental\n\n4: ONG\n\n5: Empresa do Exterior\n\n6: Freelancer\n\n7: MEI\n\n99: Não Informado"
					},
					"response": [
						{
							"name": "New Company",
							"originalRequest": {
								"method": "POST",
								"header": [
									{
										"key": "Authorization",
										"value": "{{api_key}}",
										"type": "text"
									}
								],
								"body": {
									"mode": "raw",
									"raw": "{\r\n    \"nome\": \"Apple\",\r\n    \"cnpj\": \"23.000.000/0001-35\",\r\n    \"emailContato\": \"perussilucas@apple.com\",\r\n    \"tipo\": 1\r\n}",
									"options": {
										"raw": {
											"language": "json"
										}
									}
								},
								"url": {
									"raw": "{{base_url}}companies/new",
									"host": [
										"{{base_url}}companies"
									],
									"path": [
										"new"
									]
								}
							},
							"status": "OK",
							"code": 200,
							"_postman_previewlanguage": "json",
							"header": [
								{
									"key": "X-Powered-By",
									"value": "Express"
								},
								{
									"key": "Access-Control-Allow-Origin",
									"value": "*"
								},
								{
									"key": "Content-Type",
									"value": "application/json; charset=utf-8"
								},
								{
									"key": "Content-Length",
									"value": "168"
								},
								{
									"key": "ETag",
									"value": "W/\"a8-nHy4J9wH1Uru2og86chYJt84S2U\""
								},
								{
									"key": "Date",
									"value": "Fri, 11 Oct 2024 18:02:22 GMT"
								},
								{
									"key": "Connection",
									"value": "keep-alive"
								},
								{
									"key": "Keep-Alive",
									"value": "timeout=5"
								}
							],
							"cookie": [],
							"body": "{\n    \"message\": \"Empresa criada com sucesso!\",\n    \"empresa\": {\n        \"newCompany\": {\n            \"id\": 3,\n            \"nome\": \"Apple\",\n            \"cnpj\": \"23.000.000/0001-35\",\n            \"email_contato\": \"perussilucas@apple.com\",\n            \"tipo\": 1\n        }\n    }\n}"
						}
					]
				},
				{
					"name": "Company by ID",
					"request": {
						"method": "GET",
						"header": [
							{
								"key": "Authorization",
								"value": "{{api_key}}",
								"type": "text"
							}
						],
						"url": {
							"raw": "{{base_url}}companies/id/1",
							"host": [
								"{{base_url}}companies"
							],
							"path": [
								"id",
								"1"
							]
						}
					},
					"response": [
						{
							"name": "Company by ID",
							"originalRequest": {
								"method": "GET",
								"header": [
									{
										"key": "Authorization",
										"value": "{{api_key}}",
										"type": "text"
									}
								],
								"url": {
									"raw": "{{base_url}}companies/id/1",
									"host": [
										"{{base_url}}companies"
									],
									"path": [
										"id",
										"1"
									]
								}
							},
							"status": "OK",
							"code": 200,
							"_postman_previewlanguage": "html",
							"header": [
								{
									"key": "X-Powered-By",
									"value": "Express"
								},
								{
									"key": "Access-Control-Allow-Origin",
									"value": "*"
								},
								{
									"key": "Content-Type",
									"value": "text/html; charset=utf-8"
								},
								{
									"key": "Content-Length",
									"value": "101"
								},
								{
									"key": "ETag",
									"value": "W/\"65-YHhD9x3PGqQofXG+d4SO3L4OPvI\""
								},
								{
									"key": "Date",
									"value": "Fri, 11 Oct 2024 18:02:35 GMT"
								},
								{
									"key": "Connection",
									"value": "keep-alive"
								},
								{
									"key": "Keep-Alive",
									"value": "timeout=5"
								}
							],
							"cookie": [],
							"body": "{\"id\":1,\"nome\":\"Apple\",\"cnpj\":\"23.000.000/0001-35\",\"email_contato\":\"perussilucas@apple.com\",\"tipo\":1}"
						}
					]
				},
				{
					"name": "All Companies",
					"request": {
						"method": "GET",
						"header": [
							{
								"key": "Authorization",
								"value": "{{api_key}}",
								"type": "text"
							}
						],
						"url": {
							"raw": "{{base_url}}companies/all",
							"host": [
								"{{base_url}}companies"
							],
							"path": [
								"all"
							]
						}
					},
					"response": [
						{
							"name": "Company by ID Copy",
							"originalRequest": {
								"method": "GET",
								"header": [
									{
										"key": "Authorization",
										"value": "{{api_key}}",
										"type": "text"
									}
								],
								"url": {
									"raw": "{{base_url}}companies/all",
									"host": [
										"{{base_url}}companies"
									],
									"path": [
										"all"
									]
								}
							},
							"status": "OK",
							"code": 200,
							"_postman_previewlanguage": "json",
							"header": [
								{
									"key": "X-Powered-By",
									"value": "Express"
								},
								{
									"key": "Access-Control-Allow-Origin",
									"value": "*"
								},
								{
									"key": "Content-Type",
									"value": "application/json",
									"description": "",
									"type": "text"
								},
								{
									"key": "Content-Length",
									"value": "307"
								},
								{
									"key": "ETag",
									"value": "W/\"133-mOjDhuDhW8W2WX66GWYr41HUyzI\""
								},
								{
									"key": "Date",
									"value": "Fri, 11 Oct 2024 18:03:38 GMT"
								},
								{
									"key": "Connection",
									"value": "keep-alive"
								},
								{
									"key": "Keep-Alive",
									"value": "timeout=5"
								}
							],
							"cookie": [],
							"body": "[\n    {\n        \"id\": 1,\n        \"nome\": \"Apple\",\n        \"cnpj\": \"23.000.000/0001-35\",\n        \"email_contato\": \"perussilucas@apple.com\",\n        \"tipo\": 1\n    },\n    {\n        \"id\": 2,\n        \"nome\": \"Apple\",\n        \"cnpj\": \"23.000.000/0001-35\",\n        \"email_contato\": \"perussilucas@apple.com\",\n        \"tipo\": 1\n    },\n    {\n        \"id\": 3,\n        \"nome\": \"Apple\",\n        \"cnpj\": \"23.000.000/0001-35\",\n        \"email_contato\": \"perussilucas@apple.com\",\n        \"tipo\": 1\n    }\n]"
						}
					]
				}
			]
		},
		{
			"name": "Courses",
			"item": [
				{
					"name": "Root",
					"request": {
						"method": "GET",
						"header": [],
						"url": {
							"raw": "{{base_url}}courses",
							"host": [
								"{{base_url}}courses"
							]
						}
					},
					"response": []
				},
				{
					"name": "New Course",
					"request": {
						"method": "POST",
						"header": [
							{
								"key": "Authorization",
								"value": "{{api_key}}",
								"type": "text"
							}
						],
						"body": {
							"mode": "raw",
							"raw": "{\r\n    \"nome\": \"TADS\",\r\n    \"descricao\": \"Técnologia em análise e desenvolvimento de sistemas da UFPR\",\r\n    \"coordenador\": 24,\r\n    \"horas_formativas\": 60,\r\n    \"semestres\": 6\r\n}",
							"options": {
								"raw": {
									"language": "json"
								}
							}
						},
						"url": {
							"raw": "{{base_url}}courses/new",
							"host": [
								"{{base_url}}courses"
							],
							"path": [
								"new"
							]
						},
						"description": "No tipo:\n\n1: Empresa Privada\n\n2: Empresa Junior\n\n3: Empresa Governamental\n\n4: ONG\n\n5: Empresa do Exterior\n\n6: Freelancer\n\n7: MEI\n\n99: Não Informado"
					},
					"response": [
						{
							"name": "New Company",
							"originalRequest": {
								"method": "POST",
								"header": [
									{
										"key": "Authorization",
										"value": "{{api_key}}",
										"type": "text"
									}
								],
								"body": {
									"mode": "raw",
									"raw": "{\r\n    \"nome\": \"TADS\",\r\n    \"descricao\": \"Técnologia em análise e desenvolvimento de sistemas da UFPR\",\r\n    \"coordenador\": 24,\r\n    \"horas_formativas\": 60,\r\n    \"semestres\": 6\r\n}",
									"options": {
										"raw": {
											"language": "json"
										}
									}
								},
								"url": {
									"raw": "{{base_url}}courses/new",
									"host": [
										"{{base_url}}courses"
									],
									"path": [
										"new"
									]
								}
							},
							"status": "OK",
							"code": 200,
							"_postman_previewlanguage": "json",
							"header": [
								{
									"key": "X-Powered-By",
									"value": "Express"
								},
								{
									"key": "Access-Control-Allow-Origin",
									"value": "*"
								},
								{
									"key": "Content-Type",
									"value": "application/json; charset=utf-8"
								},
								{
									"key": "Content-Length",
									"value": "279"
								},
								{
									"key": "ETag",
									"value": "W/\"117-J9tRxmCP40djdFXTXc8O4mSY+5E\""
								},
								{
									"key": "Date",
									"value": "Fri, 11 Oct 2024 18:43:25 GMT"
								},
								{
									"key": "Connection",
									"value": "keep-alive"
								},
								{
									"key": "Keep-Alive",
									"value": "timeout=5"
								}
							],
							"cookie": [],
							"body": "{\n    \"message\": \"curso criado com sucesso!\",\n    \"curso\": {\n        \"newCourse\": {\n            \"id\": 2,\n            \"nome\": \"TADS\",\n            \"descricao\": \"Técnologia em análise e desenvolvimento de sistemas da UFPR\",\n            \"coordenador\": 24,\n            \"criado_em\": \"2024-10-11T18:43:25.000Z\",\n            \"identificador\": \"Be67GsJy\",\n            \"horas_formativas\": 60,\n            \"semestres\": 6\n        }\n    }\n}"
						}
					]
				},
				{
					"name": "Course by ID",
					"request": {
						"method": "GET",
						"header": [
							{
								"key": "Authorization",
								"value": "{{api_key}}",
								"type": "text"
							}
						],
						"url": {
							"raw": "{{base_url}}courses/id/1",
							"host": [
								"{{base_url}}courses"
							],
							"path": [
								"id",
								"1"
							]
						}
					},
					"response": [
						{
							"name": "Course by ID",
							"originalRequest": {
								"method": "GET",
								"header": [
									{
										"key": "Authorization",
										"value": "{{api_key}}",
										"type": "text"
									}
								],
								"url": {
									"raw": "{{base_url}}courses/id/1",
									"host": [
										"{{base_url}}courses"
									],
									"path": [
										"id",
										"1"
									]
								}
							},
							"status": "OK",
							"code": 200,
							"_postman_previewlanguage": "json",
							"header": [
								{
									"key": "X-Powered-By",
									"value": "Express"
								},
								{
									"key": "Access-Control-Allow-Origin",
									"value": "*"
								},
								{
									"key": "Content-Type",
									"value": "application/json",
									"description": "",
									"type": "text"
								},
								{
									"key": "Content-Length",
									"value": "217"
								},
								{
									"key": "ETag",
									"value": "W/\"d9-aJu+7C/EFLD2JOMS5dTMm0QbB6Y\""
								},
								{
									"key": "Date",
									"value": "Fri, 11 Oct 2024 18:35:43 GMT"
								},
								{
									"key": "Connection",
									"value": "keep-alive"
								},
								{
									"key": "Keep-Alive",
									"value": "timeout=5"
								}
							],
							"cookie": [],
							"body": "{\n    \"id\": 1,\n    \"nome\": \"TADS\",\n    \"descricao\": \"Técnologia em análise e desenvolvimento de sistemas da UFPR\",\n    \"coordenador\": 24,\n    \"criado_em\": \"2024-10-11T18:31:22.000Z\",\n    \"identificador\": \"6P2SEJJ1\",\n    \"horas_formativas\": 60,\n    \"semestres\": 6\n}"
						}
					]
				},
				{
					"name": "delete by ID",
					"request": {
						"method": "DELETE",
						"header": [
							{
								"key": "Authorization",
								"value": "{{api_key}}",
								"type": "text"
							}
						],
						"url": {
							"raw": "{{base_url}}courses/id/2",
							"host": [
								"{{base_url}}courses"
							],
							"path": [
								"id",
								"2"
							]
						}
					},
					"response": [
						{
							"name": "Delete by ID",
							"originalRequest": {
								"method": "DELETE",
								"header": [
									{
										"key": "Authorization",
										"value": "{{api_key}}",
										"type": "text"
									}
								],
								"url": {
									"raw": "{{base_url}}courses/id/2",
									"host": [
										"{{base_url}}courses"
									],
									"path": [
										"id",
										"2"
									]
								}
							},
							"status": "OK",
							"code": 200,
							"_postman_previewlanguage": "html",
							"header": [
								{
									"key": "X-Powered-By",
									"value": "Express"
								},
								{
									"key": "Access-Control-Allow-Origin",
									"value": "*"
								},
								{
									"key": "Content-Type",
									"value": "text/html; charset=utf-8"
								},
								{
									"key": "Content-Length",
									"value": "217"
								},
								{
									"key": "ETag",
									"value": "W/\"d9-T5KsM1NAjrLgPEqTVU0loCl9u/Y\""
								},
								{
									"key": "Date",
									"value": "Fri, 11 Oct 2024 18:43:37 GMT"
								},
								{
									"key": "Connection",
									"value": "keep-alive"
								},
								{
									"key": "Keep-Alive",
									"value": "timeout=5"
								}
							],
							"cookie": [],
							"body": "{\"id\":2,\"nome\":\"TADS\",\"descricao\":\"Técnologia em análise e desenvolvimento de sistemas da UFPR\",\"coordenador\":24,\"criado_em\":\"2024-10-11T18:43:25.000Z\",\"identificador\":\"Be67GsJy\",\"horas_formativas\":60,\"semestres\":6}"
						}
					]
				},
				{
					"name": "delete by Identifier",
					"request": {
						"method": "DELETE",
						"header": [
							{
								"key": "Authorization",
								"value": "{{api_key}}",
								"type": "text"
							}
						],
						"url": {
							"raw": "{{base_url}}courses/identifier/Bb6idSsv",
							"host": [
								"{{base_url}}courses"
							],
							"path": [
								"identifier",
								"Bb6idSsv"
							]
						}
					},
					"response": [
						{
							"name": "delete by Identifier",
							"originalRequest": {
								"method": "DELETE",
								"header": [
									{
										"key": "Authorization",
										"value": "{{api_key}}",
										"type": "text"
									}
								],
								"url": {
									"raw": "{{base_url}}courses/identifier/Bb6idSsv",
									"host": [
										"{{base_url}}courses"
									],
									"path": [
										"identifier",
										"Bb6idSsv"
									]
								}
							},
							"status": "OK",
							"code": 200,
							"_postman_previewlanguage": "json",
							"header": [
								{
									"key": "X-Powered-By",
									"value": "Express"
								},
								{
									"key": "Access-Control-Allow-Origin",
									"value": "*"
								},
								{
									"key": "Content-Type",
									"value": "application/json",
									"description": "",
									"type": "text"
								},
								{
									"key": "Content-Length",
									"value": "217"
								},
								{
									"key": "ETag",
									"value": "W/\"d9-vvO4bwNde3yOzoY4fVACDNr6LpE\""
								},
								{
									"key": "Date",
									"value": "Fri, 11 Oct 2024 18:45:55 GMT"
								},
								{
									"key": "Connection",
									"value": "keep-alive"
								},
								{
									"key": "Keep-Alive",
									"value": "timeout=5"
								}
							],
							"cookie": [],
							"body": "{\n    \"id\": 3,\n    \"nome\": \"TADS\",\n    \"descricao\": \"Técnologia em análise e desenvolvimento de sistemas da UFPR\",\n    \"coordenador\": 24,\n    \"criado_em\": \"2024-10-11T18:45:23.000Z\",\n    \"identificador\": \"Bb6idSsv\",\n    \"horas_formativas\": 60,\n    \"semestres\": 6\n}"
						}
					]
				},
				{
					"name": "Course by identifier",
					"request": {
						"method": "GET",
						"header": [
							{
								"key": "Authorization",
								"value": "{{api_key}}",
								"type": "text"
							}
						],
						"url": {
							"raw": "{{base_url}}courses/identifier/6P2SEJJ1",
							"host": [
								"{{base_url}}courses"
							],
							"path": [
								"identifier",
								"6P2SEJJ1"
							]
						}
					},
					"response": [
						{
							"name": "Course by identifier",
							"originalRequest": {
								"method": "GET",
								"header": [
									{
										"key": "Authorization",
										"value": "{{api_key}}",
										"type": "text"
									}
								],
								"url": {
									"raw": "{{base_url}}courses/identifier/6P2SEJJ1",
									"host": [
										"{{base_url}}courses"
									],
									"path": [
										"identifier",
										"6P2SEJJ1"
									]
								}
							},
							"status": "OK",
							"code": 200,
							"_postman_previewlanguage": "json",
							"header": [
								{
									"key": "X-Powered-By",
									"value": "Express"
								},
								{
									"key": "Access-Control-Allow-Origin",
									"value": "*"
								},
								{
									"key": "Content-Type",
									"value": "application/json",
									"description": "",
									"type": "text"
								},
								{
									"key": "Content-Length",
									"value": "217"
								},
								{
									"key": "ETag",
									"value": "W/\"d9-aJu+7C/EFLD2JOMS5dTMm0QbB6Y\""
								},
								{
									"key": "Date",
									"value": "Fri, 11 Oct 2024 18:38:08 GMT"
								},
								{
									"key": "Connection",
									"value": "keep-alive"
								},
								{
									"key": "Keep-Alive",
									"value": "timeout=5"
								}
							],
							"cookie": [],
							"body": "{\n    \"id\": 1,\n    \"nome\": \"TADS\",\n    \"descricao\": \"Técnologia em análise e desenvolvimento de sistemas da UFPR\",\n    \"coordenador\": 24,\n    \"criado_em\": \"2024-10-11T18:31:22.000Z\",\n    \"identificador\": \"6P2SEJJ1\",\n    \"horas_formativas\": 60,\n    \"semestres\": 6\n}"
						}
					]
				},
				{
					"name": "All courses",
					"request": {
						"method": "GET",
						"header": [
							{
								"key": "Authorization",
								"value": "{{api_key}}",
								"type": "text"
							}
						],
						"url": {
							"raw": "{{base_url}}courses/all",
							"host": [
								"{{base_url}}courses"
							],
							"path": [
								"all"
							]
						}
					},
					"response": [
						{
							"name": "All courses",
							"originalRequest": {
								"method": "GET",
								"header": [
									{
										"key": "Authorization",
										"value": "{{api_key}}",
										"type": "text"
									}
								],
								"url": {
									"raw": "{{base_url}}courses/all",
									"host": [
										"{{base_url}}courses"
									],
									"path": [
										"all"
									]
								}
							},
							"status": "OK",
							"code": 200,
							"_postman_previewlanguage": "json",
							"header": [
								{
									"key": "X-Powered-By",
									"value": "Express"
								},
								{
									"key": "Access-Control-Allow-Origin",
									"value": "*"
								},
								{
									"key": "Content-Type",
									"value": "application/json",
									"description": "",
									"type": "text"
								},
								{
									"key": "Content-Length",
									"value": "219"
								},
								{
									"key": "ETag",
									"value": "W/\"db-MVeqC/E1yS+QZyuC1m3zb6g7+04\""
								},
								{
									"key": "Date",
									"value": "Fri, 11 Oct 2024 18:39:52 GMT"
								},
								{
									"key": "Connection",
									"value": "keep-alive"
								},
								{
									"key": "Keep-Alive",
									"value": "timeout=5"
								}
							],
							"cookie": [],
							"body": "[\n    {\n        \"id\": 1,\n        \"nome\": \"TADS\",\n        \"descricao\": \"Técnologia em análise e desenvolvimento de sistemas da UFPR\",\n        \"coordenador\": 24,\n        \"criado_em\": \"2024-10-11T18:31:22.000Z\",\n        \"identificador\": \"6P2SEJJ1\",\n        \"horas_formativas\": 60,\n        \"semestres\": 6\n    }\n]"
						}
					]
				}
			]
		},
		{
			"name": "Training Hours",
			"item": [
				{
					"name": "Root",
					"request": {
						"method": "GET",
						"header": [],
						"url": {
							"raw": "{{base_url}}hours",
							"host": [
								"{{base_url}}hours"
							]
						}
					},
					"response": []
				},
				{
					"name": "New TH",
					"request": {
						"method": "POST",
						"header": [
							{
								"key": "Authorization",
								"value": "{{api_key}}",
								"type": "text"
							}
						],
						"body": {
							"mode": "raw",
							"raw": "{\r\n    \"aluno\": 24,\r\n    \"descricao\": \"Participei de um curso de italiano\",\r\n    \"data_evento\": \"2023-10-11\",\r\n    \"horas_solicitadas\": 30,\r\n    \"tipo\": 1,\r\n    \"comprovante\": \"link pro comprovante\"\r\n}",
							"options": {
								"raw": {
									"language": "json"
								}
							}
						},
						"url": {
							"raw": "{{base_url}}hours/new",
							"host": [
								"{{base_url}}hours"
							],
							"path": [
								"new"
							]
						},
						"description": "No tipo:\n\n1: Empresa Privada\n\n2: Empresa Junior\n\n3: Empresa Governamental\n\n4: ONG\n\n5: Empresa do Exterior\n\n6: Freelancer\n\n7: MEI\n\n99: Não Informado"
					},
					"response": [
						{
							"name": "New TH",
							"originalRequest": {
								"method": "POST",
								"header": [
									{
										"key": "Authorization",
										"value": "{{api_key}}",
										"type": "text"
									}
								],
								"body": {
									"mode": "raw",
									"raw": "{\r\n    \"aluno\": 24,\r\n    \"descricao\": \"Participei de um curso de italiano\",\r\n    \"data_evento\": \"2023-10-11\",\r\n    \"horas_solicitadas\": 30,\r\n    \"tipo\": 1,\r\n    \"comprovante\": \"link pro comprovante\"\r\n}",
									"options": {
										"raw": {
											"language": "json"
										}
									}
								},
								"url": {
									"raw": "{{base_url}}hours/new",
									"host": [
										"{{base_url}}hours"
									],
									"path": [
										"new"
									]
								}
							},
							"status": "OK",
							"code": 200,
							"_postman_previewlanguage": "json",
							"header": [
								{
									"key": "X-Powered-By",
									"value": "Express"
								},
								{
									"key": "Access-Control-Allow-Origin",
									"value": "*"
								},
								{
									"key": "Content-Type",
									"value": "application/json; charset=utf-8"
								},
								{
									"key": "Content-Length",
									"value": "350"
								},
								{
									"key": "ETag",
									"value": "W/\"15e-CdZZc9Yj8QEqYE5kYcrLgzcp2GY\""
								},
								{
									"key": "Date",
									"value": "Fri, 11 Oct 2024 19:49:13 GMT"
								},
								{
									"key": "Connection",
									"value": "keep-alive"
								},
								{
									"key": "Keep-Alive",
									"value": "timeout=5"
								}
							],
							"cookie": [],
							"body": "{\n    \"message\": \"Horas formativas criadas com sucesso!\",\n    \"record\": {\n        \"id\": 1,\n        \"aluno\": 24,\n        \"servidor_avaliador\": null,\n        \"data_envio\": \"2024-10-11T19:49:13.000Z\",\n        \"data_evento\": \"2023-10-11T00:00:00.000Z\",\n        \"descricao\": \"Participei de um curso de italiano\",\n        \"tipo\": 1,\n        \"status_aprovacao\": 1,\n        \"comprovante\": \"link pro comprovante\",\n        \"horas_solicitadas\": 30,\n        \"horas_concedidas\": null\n    }\n}"
						}
					]
				},
				{
					"name": "delete by ID",
					"request": {
						"method": "DELETE",
						"header": [
							{
								"key": "Authorization",
								"value": "{{api_key}}",
								"type": "text"
							}
						],
						"url": {
							"raw": "{{base_url}}hours/id/2",
							"host": [
								"{{base_url}}hours"
							],
							"path": [
								"id",
								"2"
							]
						}
					},
					"response": [
						{
							"name": "delete by ID",
							"originalRequest": {
								"method": "DELETE",
								"header": [
									{
										"key": "Authorization",
										"value": "{{api_key}}",
										"type": "text"
									}
								],
								"url": {
									"raw": "{{base_url}}hours/id/2",
									"host": [
										"{{base_url}}hours"
									],
									"path": [
										"id",
										"2"
									]
								}
							},
							"status": "OK",
							"code": 200,
							"_postman_previewlanguage": "json",
							"header": [
								{
									"key": "X-Powered-By",
									"value": "Express"
								},
								{
									"key": "Access-Control-Allow-Origin",
									"value": "*"
								},
								{
									"key": "Content-Type",
									"value": "application/json; charset=utf-8"
								},
								{
									"key": "Content-Length",
									"value": "289"
								},
								{
									"key": "ETag",
									"value": "W/\"121-AlkQUmSKh+WhmCksGIEcoTZuO/E\""
								},
								{
									"key": "Date",
									"value": "Fri, 11 Oct 2024 19:53:19 GMT"
								},
								{
									"key": "Connection",
									"value": "keep-alive"
								},
								{
									"key": "Keep-Alive",
									"value": "timeout=5"
								}
							],
							"cookie": [],
							"body": "{\n    \"id\": 2,\n    \"aluno\": 24,\n    \"servidor_avaliador\": null,\n    \"data_envio\": \"2024-10-11T19:52:23.000Z\",\n    \"data_evento\": \"2023-10-11T00:00:00.000Z\",\n    \"descricao\": \"Participei de um curso de italiano\",\n    \"tipo\": 1,\n    \"status_aprovacao\": 1,\n    \"comprovante\": \"link pro comprovante\",\n    \"horas_solicitadas\": 30,\n    \"horas_concedidas\": null\n}"
						}
					]
				},
				{
					"name": "TH by ID",
					"request": {
						"method": "GET",
						"header": [
							{
								"key": "Authorization",
								"value": "{{api_key}}",
								"type": "text"
							}
						],
						"url": {
							"raw": "{{base_url}}hours/id/1",
							"host": [
								"{{base_url}}hours"
							],
							"path": [
								"id",
								"1"
							]
						}
					},
					"response": [
						{
							"name": "TH by ID",
							"originalRequest": {
								"method": "GET",
								"header": [
									{
										"key": "Authorization",
										"value": "{{api_key}}",
										"type": "text"
									}
								],
								"url": {
									"raw": "{{base_url}}hours/id/1",
									"host": [
										"{{base_url}}hours"
									],
									"path": [
										"id",
										"1"
									]
								}
							},
							"status": "OK",
							"code": 200,
							"_postman_previewlanguage": "json",
							"header": [
								{
									"key": "X-Powered-By",
									"value": "Express"
								},
								{
									"key": "Access-Control-Allow-Origin",
									"value": "*"
								},
								{
									"key": "Content-Type",
									"value": "application/json; charset=utf-8"
								},
								{
									"key": "Content-Length",
									"value": "289"
								},
								{
									"key": "ETag",
									"value": "W/\"121-3EQ0fT/CMJjuUI+UY51tTgM123c\""
								},
								{
									"key": "Date",
									"value": "Fri, 11 Oct 2024 19:50:40 GMT"
								},
								{
									"key": "Connection",
									"value": "keep-alive"
								},
								{
									"key": "Keep-Alive",
									"value": "timeout=5"
								}
							],
							"cookie": [],
							"body": "{\n    \"id\": 1,\n    \"aluno\": 24,\n    \"servidor_avaliador\": null,\n    \"data_envio\": \"2024-10-11T19:49:13.000Z\",\n    \"data_evento\": \"2023-10-11T00:00:00.000Z\",\n    \"descricao\": \"Participei de um curso de italiano\",\n    \"tipo\": 1,\n    \"status_aprovacao\": 1,\n    \"comprovante\": \"link pro comprovante\",\n    \"horas_solicitadas\": 30,\n    \"horas_concedidas\": null\n}"
						}
					]
				},
				{
					"name": "All THs",
					"request": {
						"method": "GET",
						"header": [
							{
								"key": "Authorization",
								"value": "{{api_key}}",
								"type": "text"
							}
						],
						"url": {
							"raw": "{{base_url}}hours/all",
							"host": [
								"{{base_url}}hours"
							],
							"path": [
								"all"
							]
						}
					},
					"response": [
						{
							"name": "All THs",
							"originalRequest": {
								"method": "GET",
								"header": [
									{
										"key": "Authorization",
										"value": "{{api_key}}",
										"type": "text"
									}
								],
								"url": {
									"raw": "{{base_url}}hours/all",
									"host": [
										"{{base_url}}hours"
									],
									"path": [
										"all"
									]
								}
							},
							"status": "OK",
							"code": 200,
							"_postman_previewlanguage": "json",
							"header": [
								{
									"key": "X-Powered-By",
									"value": "Express"
								},
								{
									"key": "Access-Control-Allow-Origin",
									"value": "*"
								},
								{
									"key": "Content-Type",
									"value": "application/json; charset=utf-8"
								},
								{
									"key": "Content-Length",
									"value": "291"
								},
								{
									"key": "ETag",
									"value": "W/\"123-QK1Wx0cKjzenl70Ee1d0om9kjNE\""
								},
								{
									"key": "Date",
									"value": "Fri, 11 Oct 2024 19:50:05 GMT"
								},
								{
									"key": "Connection",
									"value": "keep-alive"
								},
								{
									"key": "Keep-Alive",
									"value": "timeout=5"
								}
							],
							"cookie": [],
							"body": "[\n    {\n        \"id\": 1,\n        \"aluno\": 24,\n        \"servidor_avaliador\": null,\n        \"data_envio\": \"2024-10-11T19:49:13.000Z\",\n        \"data_evento\": \"2023-10-11T00:00:00.000Z\",\n        \"descricao\": \"Participei de um curso de italiano\",\n        \"tipo\": 1,\n        \"status_aprovacao\": 1,\n        \"comprovante\": \"link pro comprovante\",\n        \"horas_solicitadas\": 30,\n        \"horas_concedidas\": null\n    }\n]"
						}
					]
				}
			]
		},
		{
			"name": "Steps",
			"item": [
				{
					"name": "Index",
					"request": {
						"method": "GET",
						"header": [],
						"url": {
							"raw": "{{base_url}}steps",
							"host": [
								"{{base_url}}steps"
							]
						}
					},
					"response": []
				},
				{
					"name": "New Step Enum",
					"request": {
						"method": "POST",
						"header": [
							{
								"key": "Authorization",
								"value": "{{api_key}}",
								"type": "text"
							}
						],
						"body": {
							"mode": "raw",
							"raw": "{\r\n    \"nome\" : \"Aprovação de admin\",\r\n    \"label\" : \"Etapa de aprovação de admin\",\r\n    \"padrao\" : 0\r\n}",
							"options": {
								"raw": {
									"language": "json"
								}
							}
						},
						"url": {
							"raw": "{{base_url}}steps/new",
							"host": [
								"{{base_url}}steps"
							],
							"path": [
								"new"
							]
						}
					},
					"response": [
						{
							"name": "New Step Enum",
							"originalRequest": {
								"method": "POST",
								"header": [
									{
										"key": "Authorization",
										"value": "{{api_key}}",
										"type": "text"
									}
								],
								"body": {
									"mode": "raw",
									"raw": "{\r\n    \"nome\" : \"Aprovação de professor\",\r\n    \"label\" : \"Etapa de aprovação de professor\",\r\n    \"padrao\" : 1\r\n}",
									"options": {
										"raw": {
											"language": "json"
										}
									}
								},
								"url": {
									"raw": "{{base_url}}steps/new",
									"host": [
										"{{base_url}}steps"
									],
									"path": [
										"new"
									]
								}
							},
							"status": "OK",
							"code": 200,
							"_postman_previewlanguage": "html",
							"header": [
								{
									"key": "X-Powered-By",
									"value": "Express"
								},
								{
									"key": "Access-Control-Allow-Origin",
									"value": "*"
								},
								{
									"key": "Content-Type",
									"value": "text/html; charset=utf-8"
								},
								{
									"key": "Content-Length",
									"value": "97"
								},
								{
									"key": "ETag",
									"value": "W/\"61-JOaDgIuslqiuF6t2kyTH79VdXUA\""
								},
								{
									"key": "Date",
									"value": "Thu, 07 Nov 2024 18:42:00 GMT"
								},
								{
									"key": "Connection",
									"value": "keep-alive"
								},
								{
									"key": "Keep-Alive",
									"value": "timeout=5"
								}
							],
							"cookie": [],
							"body": "{\"id\":1,\"nome\":\"Aprovação de professor\",\"label\":\"Etapa de aprovação de professor\",\"padrao\":1}"
						}
					]
				},
				{
					"name": "Get Step by Id",
					"request": {
						"method": "GET",
						"header": [
							{
								"key": "Authorization",
								"value": "{{api_key}}",
								"type": "text"
							}
						],
						"url": {
							"raw": "{{base_url}}steps/id/1",
							"host": [
								"{{base_url}}steps"
							],
							"path": [
								"id",
								"1"
							]
						}
					},
					"response": [
						{
							"name": "New Step Enum Copy",
							"originalRequest": {
								"method": "GET",
								"header": [
									{
										"key": "Authorization",
										"value": "{{api_key}}",
										"type": "text"
									}
								],
								"url": {
									"raw": "{{base_url}}steps/id/1",
									"host": [
										"{{base_url}}steps"
									],
									"path": [
										"id",
										"1"
									]
								}
							},
							"status": "OK",
							"code": 200,
							"_postman_previewlanguage": "html",
							"header": [
								{
									"key": "X-Powered-By",
									"value": "Express"
								},
								{
									"key": "Access-Control-Allow-Origin",
									"value": "*"
								},
								{
									"key": "Content-Type",
									"value": "text/html; charset=utf-8"
								},
								{
									"key": "Content-Length",
									"value": "97"
								},
								{
									"key": "ETag",
									"value": "W/\"61-JOaDgIuslqiuF6t2kyTH79VdXUA\""
								},
								{
									"key": "Date",
									"value": "Thu, 07 Nov 2024 18:48:32 GMT"
								},
								{
									"key": "Connection",
									"value": "keep-alive"
								},
								{
									"key": "Keep-Alive",
									"value": "timeout=5"
								}
							],
							"cookie": [],
							"body": "{\"id\":1,\"nome\":\"Aprovação de professor\",\"label\":\"Etapa de aprovação de professor\",\"padrao\":1}"
						}
					]
				},
				{
					"name": "Get all steps",
					"request": {
						"method": "GET",
						"header": [
							{
								"key": "Authorization",
								"value": "{{api_key}}",
								"type": "text"
							}
						],
						"url": {
							"raw": "{{base_url}}steps/all",
							"host": [
								"{{base_url}}steps"
							],
							"path": [
								"all"
							]
						}
					},
					"response": [
						{
							"name": "Get Step by Id Copy",
							"originalRequest": {
								"method": "GET",
								"header": [
									{
										"key": "Authorization",
										"value": "{{api_key}}",
										"type": "text"
									}
								],
								"url": {
									"raw": "{{base_url}}steps/all",
									"host": [
										"{{base_url}}steps"
									],
									"path": [
										"all"
									]
								}
							},
							"status": "OK",
							"code": 200,
							"_postman_previewlanguage": "html",
							"header": [
								{
									"key": "X-Powered-By",
									"value": "Express"
								},
								{
									"key": "Access-Control-Allow-Origin",
									"value": "*"
								},
								{
									"key": "Content-Type",
									"value": "text/html; charset=utf-8"
								},
								{
									"key": "Content-Length",
									"value": "189"
								},
								{
									"key": "ETag",
									"value": "W/\"bd-twBsxxUAXeITTvcbKnBbHRbTUog\""
								},
								{
									"key": "Date",
									"value": "Thu, 07 Nov 2024 18:50:31 GMT"
								},
								{
									"key": "Connection",
									"value": "keep-alive"
								},
								{
									"key": "Keep-Alive",
									"value": "timeout=5"
								}
							],
							"cookie": [],
							"body": "[{\"id\":1,\"nome\":\"Aprovação de professor\",\"label\":\"Etapa de aprovação de professor\",\"padrao\":1},{\"id\":2,\"nome\":\"Aprovação de admin\",\"label\":\"Etapa de aprovação de admin\",\"padrao\":0}]"
						}
					]
				},
				{
					"name": "Get all default steps",
					"request": {
						"method": "GET",
						"header": [
							{
								"key": "Authorization",
								"value": "{{api_key}}",
								"type": "text"
							}
						],
						"url": {
							"raw": "{{base_url}}steps/all-default",
							"host": [
								"{{base_url}}steps"
							],
							"path": [
								"all-default"
							]
						}
					},
					"response": [
						{
							"name": "Get all default steps",
							"originalRequest": {
								"method": "GET",
								"header": [
									{
										"key": "Authorization",
										"value": "{{api_key}}",
										"type": "text"
									}
								],
								"url": {
									"raw": "{{base_url}}steps/all-default",
									"host": [
										"{{base_url}}steps"
									],
									"path": [
										"all-default"
									]
								}
							},
							"status": "OK",
							"code": 200,
							"_postman_previewlanguage": "html",
							"header": [
								{
									"key": "X-Powered-By",
									"value": "Express"
								},
								{
									"key": "Access-Control-Allow-Origin",
									"value": "*"
								},
								{
									"key": "Content-Type",
									"value": "text/html; charset=utf-8"
								},
								{
									"key": "Content-Length",
									"value": "99"
								},
								{
									"key": "ETag",
									"value": "W/\"63-wiw8y+luIXU3enwTO+375NFpml4\""
								},
								{
									"key": "Date",
									"value": "Thu, 07 Nov 2024 18:53:43 GMT"
								},
								{
									"key": "Connection",
									"value": "keep-alive"
								},
								{
									"key": "Keep-Alive",
									"value": "timeout=5"
								}
							],
							"cookie": [],
							"body": "[{\"id\":1,\"nome\":\"Aprovação de professor\",\"label\":\"Etapa de aprovação de professor\",\"padrao\":1}]"
						}
					]
				}
			]
		},
		{
			"name": "Fields",
			"item": [
				{
					"name": "Index",
					"request": {
						"method": "GET",
						"header": [],
						"url": {
							"raw": "{{base_url}}fields",
							"host": [
								"{{base_url}}fields"
							]
						}
					},
					"response": []
				},
				{
					"name": "New Field Type",
					"request": {
						"method": "POST",
						"header": [
							{
								"key": "Authorization",
								"value": "{{api_key}}",
								"type": "text"
							}
						],
						"body": {
							"mode": "raw",
							"raw": "{\r\n    \"nome\" : \"Apasdasdasdn\",\r\n    \"label\" : \"Etapa de aprovação de admin\",\r\n    \"padrao\" : 0,\r\n    \"obrigatorio\" : 0,\r\n    \"tipo_dado\" : 1\r\n}",
							"options": {
								"raw": {
									"language": "json"
								}
							}
						},
						"url": {
							"raw": "{{base_url}}fields/new-type",
							"host": [
								"{{base_url}}fields"
							],
							"path": [
								"new-type"
							]
						}
					},
					"response": [
						{
							"name": "New Field Copy",
							"originalRequest": {
								"method": "POST",
								"header": [
									{
										"key": "Authorization",
										"value": "{{api_key}}",
										"type": "text"
									}
								],
								"body": {
									"mode": "raw",
									"raw": "{\r\n    \"nome\" : \"Apasdasdasdn\",\r\n    \"label\" : \"Etapa de aprovação de admin\",\r\n    \"padrao\" : 0,\r\n    \"obrigatorio\" : 0,\r\n    \"tipo_dado\" : 1\r\n}",
									"options": {
										"raw": {
											"language": "json"
										}
									}
								},
								"url": {
									"raw": "{{base_url}}fields/new-type",
									"host": [
										"{{base_url}}fields"
									],
									"path": [
										"new-type"
									]
								}
							},
							"status": "OK",
							"code": 200,
							"_postman_previewlanguage": "html",
							"header": [
								{
									"key": "X-Powered-By",
									"value": "Express"
								},
								{
									"key": "Access-Control-Allow-Origin",
									"value": "*"
								},
								{
									"key": "Content-Type",
									"value": "text/html; charset=utf-8"
								},
								{
									"key": "Content-Length",
									"value": "120"
								},
								{
									"key": "ETag",
									"value": "W/\"78-Ng/nmwIRDnHP9axgykGlmNPGfGo\""
								},
								{
									"key": "Date",
									"value": "Thu, 07 Nov 2024 19:16:16 GMT"
								},
								{
									"key": "Connection",
									"value": "keep-alive"
								},
								{
									"key": "Keep-Alive",
									"value": "timeout=5"
								}
							],
							"cookie": [],
							"body": "{\"id\":2,\"nome\":\"Apasdasdasdn\",\"etiqueta\":\"Etapa de aprovação de admin\",\"obrigatorio\":0,\"tipo_dado\":1,\"campo_padrao\":0}"
						}
					]
				},
				{
					"name": "New Field Option",
					"request": {
						"method": "POST",
						"header": [
							{
								"key": "Authorization",
								"value": "{{api_key}}",
								"type": "text"
							}
						],
						"body": {
							"mode": "raw",
							"raw": "{\r\n    \"nome\" : \"Apasdasdasdn\",\r\n    \"label\" : \"Etapa de aprovação de admin\",\r\n    \"campo_pai\" : 2,\r\n    \"tipo\" : 1\r\n}",
							"options": {
								"raw": {
									"language": "json"
								}
							}
						},
						"url": {
							"raw": "{{base_url}}fields/new-option",
							"host": [
								"{{base_url}}fields"
							],
							"path": [
								"new-option"
							]
						}
					},
					"response": [
						{
							"name": "New Field Type Copy",
							"originalRequest": {
								"method": "POST",
								"header": [
									{
										"key": "Authorization",
										"value": "{{api_key}}",
										"type": "text"
									}
								],
								"body": {
									"mode": "raw",
									"raw": "{\r\n    \"nome\" : \"Apasdasdasdn\",\r\n    \"label\" : \"Etapa de aprovação de admin\",\r\n    \"campo_pai\" : 2,\r\n    \"tipo\" : 1\r\n}",
									"options": {
										"raw": {
											"language": "json"
										}
									}
								},
								"url": {
									"raw": "{{base_url}}fields/new-option",
									"host": [
										"{{base_url}}fields"
									],
									"path": [
										"new-option"
									]
								}
							},
							"status": "OK",
							"code": 200,
							"_postman_previewlanguage": "html",
							"header": [
								{
									"key": "X-Powered-By",
									"value": "Express"
								},
								{
									"key": "Access-Control-Allow-Origin",
									"value": "*"
								},
								{
									"key": "Content-Type",
									"value": "text/html; charset=utf-8"
								},
								{
									"key": "Content-Length",
									"value": "93"
								},
								{
									"key": "ETag",
									"value": "W/\"5d-pkvk8OrWGuv0H4koBCJh9Xy1eFM\""
								},
								{
									"key": "Date",
									"value": "Fri, 08 Nov 2024 13:07:42 GMT"
								},
								{
									"key": "Connection",
									"value": "keep-alive"
								},
								{
									"key": "Keep-Alive",
									"value": "timeout=5"
								}
							],
							"cookie": [],
							"body": "{\"id\":6,\"nome\":\"Apasdasdasdn\",\"label\":\"Etapa de aprovação de admin\",\"tipo\":1,\"campo_pai\":2}"
						}
					]
				},
				{
					"name": "New Request Field",
					"request": {
						"method": "POST",
						"header": [
							{
								"key": "Authorization",
								"value": "{{api_key}}",
								"type": "text"
							}
						],
						"body": {
							"mode": "raw",
							"raw": "{\r\n    \"nome\" : \"Apasdasdasdn\",\r\n    \"nome_exibicao\" : \"Etapa de aprovação de admin\",\r\n    \"tipo_processo\" : 1,\r\n    \"tipo\" : 3\r\n}",
							"options": {
								"raw": {
									"language": "json"
								}
							}
						},
						"url": {
							"raw": "{{base_url}}fields/new-request-field",
							"host": [
								"{{base_url}}fields"
							],
							"path": [
								"new-request-field"
							]
						}
					},
					"response": [
						{
							"name": "New Field Option Copy",
							"originalRequest": {
								"method": "POST",
								"header": [
									{
										"key": "Authorization",
										"value": "{{api_key}}",
										"type": "text"
									}
								],
								"body": {
									"mode": "raw",
									"raw": "{\r\n    \"nome\" : \"Apasdasdasdn\",\r\n    \"nome_exibicao\" : \"Etapa de aprovação de admin\",\r\n    \"tipo_processo\" : 1,\r\n    \"tipo\" : 3\r\n}",
									"options": {
										"raw": {
											"language": "json"
										}
									}
								},
								"url": {
									"raw": "{{base_url}}fields/new-request-field",
									"host": [
										"{{base_url}}fields"
									],
									"path": [
										"new-request-field"
									]
								}
							},
							"status": "OK",
							"code": 200,
							"_postman_previewlanguage": "html",
							"header": [
								{
									"key": "X-Powered-By",
									"value": "Express"
								},
								{
									"key": "Access-Control-Allow-Origin",
									"value": "*"
								},
								{
									"key": "Content-Type",
									"value": "text/html; charset=utf-8"
								},
								{
									"key": "Content-Length",
									"value": "105"
								},
								{
									"key": "ETag",
									"value": "W/\"69-8+r+q9bdnNJmns10vt/VHK4QDTA\""
								},
								{
									"key": "Date",
									"value": "Fri, 08 Nov 2024 13:07:23 GMT"
								},
								{
									"key": "Connection",
									"value": "keep-alive"
								},
								{
									"key": "Keep-Alive",
									"value": "timeout=5"
								}
							],
							"cookie": [],
							"body": "{\"id\":2,\"tipo\":3,\"nome\":\"Apasdasdasdn\",\"nome_exibicao\":\"Etapa de aprovação de admin\",\"tipo_processo\":1}"
						}
					]
				},
				{
					"name": "Get field type by id",
					"request": {
						"method": "GET",
						"header": [
							{
								"key": "Authorization",
								"value": "{{api_key}}",
								"type": "text"
							}
						],
						"url": {
							"raw": "{{base_url}}fields/field-type-id/1",
							"host": [
								"{{base_url}}fields"
							],
							"path": [
								"field-type-id",
								"1"
							]
						}
					},
					"response": [
						{
							"name": "Get Step by Id",
							"originalRequest": {
								"method": "GET",
								"header": [
									{
										"key": "Authorization",
										"value": "{{api_key}}",
										"type": "text"
									}
								],
								"url": {
									"raw": "{{base_url}}fields/field-type-id/1",
									"host": [
										"{{base_url}}fields"
									],
									"path": [
										"field-type-id",
										"1"
									]
								}
							},
							"status": "OK",
							"code": 200,
							"_postman_previewlanguage": "html",
							"header": [
								{
									"key": "X-Powered-By",
									"value": "Express"
								},
								{
									"key": "Access-Control-Allow-Origin",
									"value": "*"
								},
								{
									"key": "Content-Type",
									"value": "text/html; charset=utf-8"
								},
								{
									"key": "Content-Length",
									"value": "128"
								},
								{
									"key": "ETag",
									"value": "W/\"80-jtIRUW9vgDx14F2C1uQP0v82J1M\""
								},
								{
									"key": "Date",
									"value": "Thu, 07 Nov 2024 19:15:48 GMT"
								},
								{
									"key": "Connection",
									"value": "keep-alive"
								},
								{
									"key": "Keep-Alive",
									"value": "timeout=5"
								}
							],
							"cookie": [],
							"body": "{\"id\":1,\"nome\":\"Aprovação de admin\",\"etiqueta\":\"Etapa de aprovação de admin\",\"obrigatorio\":0,\"tipo_dado\":1,\"campo_padrao\":0}"
						}
					]
				},
				{
					"name": "Get request field by process type",
					"request": {
						"method": "GET",
						"header": [
							{
								"key": "Authorization",
								"value": "{{api_key}}",
								"type": "text"
							}
						],
						"url": {
							"raw": "{{base_url}}fields/request-field-by-process-type/1",
							"host": [
								"{{base_url}}fields"
							],
							"path": [
								"request-field-by-process-type",
								"1"
							]
						}
					},
					"response": [
						{
							"name": "Get field type by id Copy",
							"originalRequest": {
								"method": "GET",
								"header": [
									{
										"key": "Authorization",
										"value": "{{api_key}}",
										"type": "text"
									}
								],
								"url": {
									"raw": "{{base_url}}fields/request-field-by-process-type/1",
									"host": [
										"{{base_url}}fields"
									],
									"path": [
										"request-field-by-process-type",
										"1"
									]
								}
							},
							"status": "OK",
							"code": 200,
							"_postman_previewlanguage": "html",
							"header": [
								{
									"key": "X-Powered-By",
									"value": "Express"
								},
								{
									"key": "Access-Control-Allow-Origin",
									"value": "*"
								},
								{
									"key": "Content-Type",
									"value": "text/html; charset=utf-8"
								},
								{
									"key": "Content-Length",
									"value": "107"
								},
								{
									"key": "ETag",
									"value": "W/\"6b-UriZhdwBgXmdIUQQwpD9Dyj7BNI\""
								},
								{
									"key": "Date",
									"value": "Fri, 08 Nov 2024 13:15:34 GMT"
								},
								{
									"key": "Connection",
									"value": "keep-alive"
								},
								{
									"key": "Keep-Alive",
									"value": "timeout=5"
								}
							],
							"cookie": [],
							"body": "[{\"id\":2,\"tipo\":3,\"nome\":\"Apasdasdasdn\",\"nome_exibicao\":\"Etapa de aprovação de admin\",\"tipo_processo\":1}]"
						}
					]
				},
				{
					"name": "Get field options by father",
					"request": {
						"method": "GET",
						"header": [
							{
								"key": "Authorization",
								"value": "{{api_key}}",
								"type": "text"
							}
						],
						"url": {
							"raw": "{{base_url}}fields/field-options-by-father/2",
							"host": [
								"{{base_url}}fields"
							],
							"path": [
								"field-options-by-father",
								"2"
							]
						}
					},
					"response": [
						{
							"name": "Get request field by process type Copy",
							"originalRequest": {
								"method": "GET",
								"header": [
									{
										"key": "Authorization",
										"value": "{{api_key}}",
										"type": "text"
									}
								],
								"url": {
									"raw": "{{base_url}}fields/field-options-by-father/2",
									"host": [
										"{{base_url}}fields"
									],
									"path": [
										"field-options-by-father",
										"2"
									]
								}
							},
							"status": "OK",
							"code": 200,
							"_postman_previewlanguage": "html",
							"header": [
								{
									"key": "X-Powered-By",
									"value": "Express"
								},
								{
									"key": "Access-Control-Allow-Origin",
									"value": "*"
								},
								{
									"key": "Content-Type",
									"value": "text/html; charset=utf-8"
								},
								{
									"key": "Content-Length",
									"value": "95"
								},
								{
									"key": "ETag",
									"value": "W/\"5f-51aL9UYhVLrOt5cYEsf4PaL4bbA\""
								},
								{
									"key": "Date",
									"value": "Fri, 08 Nov 2024 13:16:34 GMT"
								},
								{
									"key": "Connection",
									"value": "keep-alive"
								},
								{
									"key": "Keep-Alive",
									"value": "timeout=5"
								}
							],
							"cookie": [],
							"body": "[{\"id\":6,\"nome\":\"Apasdasdasdn\",\"label\":\"Etapa de aprovação de admin\",\"tipo\":1,\"campo_pai\":2}]"
						}
					]
				},
				{
					"name": "Get all field types",
					"request": {
						"method": "GET",
						"header": [
							{
								"key": "Authorization",
								"value": "{{api_key}}",
								"type": "text"
							}
						],
						"url": {
							"raw": "{{base_url}}fields/all-field-types",
							"host": [
								"{{base_url}}fields"
							],
							"path": [
								"all-field-types"
							]
						}
					},
					"response": [
						{
							"name": "Get all steps",
							"originalRequest": {
								"method": "GET",
								"header": [
									{
										"key": "Authorization",
										"value": "{{api_key}}",
										"type": "text"
									}
								],
								"url": {
									"raw": "{{base_url}}fields/all-field-types",
									"host": [
										"{{base_url}}fields"
									],
									"path": [
										"all-field-types"
									]
								}
							},
							"status": "OK",
							"code": 200,
							"_postman_previewlanguage": "json",
							"header": [
								{
									"key": "X-Powered-By",
									"value": "Express"
								},
								{
									"key": "Access-Control-Allow-Origin",
									"value": "*"
								},
								{
									"key": "Content-Type",
									"value": "application/json",
									"description": "",
									"type": "text"
								},
								{
									"key": "Content-Length",
									"value": "251"
								},
								{
									"key": "ETag",
									"value": "W/\"fb-KilO9nOsRyneSNXFPIbVm0PFEmk\""
								},
								{
									"key": "Date",
									"value": "Thu, 07 Nov 2024 19:17:45 GMT"
								},
								{
									"key": "Connection",
									"value": "keep-alive"
								},
								{
									"key": "Keep-Alive",
									"value": "timeout=5"
								}
							],
							"cookie": [],
							"body": "[\n    {\n        \"id\": 1,\n        \"nome\": \"Aprovação de admin\",\n        \"etiqueta\": \"Etapa de aprovação de admin\",\n        \"obrigatorio\": 0,\n        \"tipo_dado\": 1,\n        \"campo_padrao\": 0\n    },\n    {\n        \"id\": 2,\n        \"nome\": \"Apasdasdasdn\",\n        \"etiqueta\": \"Etapa de aprovação de admin\",\n        \"obrigatorio\": 0,\n        \"tipo_dado\": 1,\n        \"campo_padrao\": 0\n    }\n]"
						}
					]
				}
			]
		},
		{
			"name": "Request Type",
			"item": [
				{
					"name": "Index",
					"request": {
						"method": "GET",
						"header": [],
						"url": {
							"raw": "{{base_url}}request-type",
							"host": [
								"{{base_url}}request-type"
							]
						}
					},
					"response": []
				},
				{
					"name": "New Type",
					"request": {
						"method": "POST",
						"header": [
							{
								"key": "Authorization",
								"value": "{{api_key}}",
								"type": "text"
							}
						],
						"body": {
							"mode": "raw",
							"raw": "{\r\n    \"nome\" : \"processo 2\",\r\n    \"fluxograma\" : \"url\"\r\n}",
							"options": {
								"raw": {
									"language": "json"
								}
							}
						},
						"url": {
							"raw": "{{base_url}}request-type/new",
							"host": [
								"{{base_url}}request-type"
							],
							"path": [
								"new"
							]
						}
					},
					"response": [
						{
							"name": "New Type",
							"originalRequest": {
								"method": "POST",
								"header": [
									{
										"key": "Authorization",
										"value": "{{api_key}}",
										"type": "text"
									}
								],
								"body": {
									"mode": "raw",
									"raw": "{\r\n    \"nome\" : \"processo 1\",\r\n    \"fluxograma\" : \"url\"\r\n}",
									"options": {
										"raw": {
											"language": "json"
										}
									}
								},
								"url": {
									"raw": "{{base_url}}request-type/new",
									"host": [
										"{{base_url}}request-type"
									],
									"path": [
										"new"
									]
								}
							},
							"status": "OK",
							"code": 200,
							"_postman_previewlanguage": "html",
							"header": [
								{
									"key": "X-Powered-By",
									"value": "Express"
								},
								{
									"key": "Access-Control-Allow-Origin",
									"value": "*"
								},
								{
									"key": "Content-Type",
									"value": "text/html; charset=utf-8"
								},
								{
									"key": "Content-Length",
									"value": "47"
								},
								{
									"key": "ETag",
									"value": "W/\"2f-NY96zst7ct4aJJVS+d4dDTmkQhw\""
								},
								{
									"key": "Date",
									"value": "Thu, 07 Nov 2024 19:30:12 GMT"
								},
								{
									"key": "Connection",
									"value": "keep-alive"
								},
								{
									"key": "Keep-Alive",
									"value": "timeout=5"
								}
							],
							"cookie": [],
							"body": "{\"id\":1,\"nome\":\"processo 1\",\"fluxograma\":\"url\"}"
						}
					]
				},
				{
					"name": "Get type by id",
					"request": {
						"method": "GET",
						"header": [
							{
								"key": "Authorization",
								"value": "{{api_key}}",
								"type": "text"
							}
						],
						"url": {
							"raw": "{{base_url}}request-type/id/1",
							"host": [
								"{{base_url}}request-type"
							],
							"path": [
								"id",
								"1"
							]
						}
					},
					"response": [
						{
							"name": "Get type by id",
							"originalRequest": {
								"method": "GET",
								"header": [
									{
										"key": "Authorization",
										"value": "{{api_key}}",
										"type": "text"
									}
								],
								"url": {
									"raw": "{{base_url}}request-type/id/1",
									"host": [
										"{{base_url}}request-type"
									],
									"path": [
										"id",
										"1"
									]
								}
							},
							"status": "OK",
							"code": 200,
							"_postman_previewlanguage": "html",
							"header": [
								{
									"key": "X-Powered-By",
									"value": "Express"
								},
								{
									"key": "Access-Control-Allow-Origin",
									"value": "*"
								},
								{
									"key": "Content-Type",
									"value": "text/html; charset=utf-8"
								},
								{
									"key": "Content-Length",
									"value": "47"
								},
								{
									"key": "ETag",
									"value": "W/\"2f-NY96zst7ct4aJJVS+d4dDTmkQhw\""
								},
								{
									"key": "Date",
									"value": "Thu, 07 Nov 2024 19:30:27 GMT"
								},
								{
									"key": "Connection",
									"value": "keep-alive"
								},
								{
									"key": "Keep-Alive",
									"value": "timeout=5"
								}
							],
							"cookie": [],
							"body": "{\"id\":1,\"nome\":\"processo 1\",\"fluxograma\":\"url\"}"
						}
					]
				},
				{
					"name": "Get all types",
					"request": {
						"method": "GET",
						"header": [
							{
								"key": "Authorization",
								"value": "{{api_key}}",
								"type": "text"
							}
						],
						"url": {
							"raw": "{{base_url}}request-type/all",
							"host": [
								"{{base_url}}request-type"
							],
							"path": [
								"all"
							]
						}
					},
					"response": [
						{
							"name": "Get all types",
							"originalRequest": {
								"method": "GET",
								"header": [
									{
										"key": "Authorization",
										"value": "{{api_key}}",
										"type": "text"
									}
								],
								"url": {
									"raw": "{{base_url}}request-type/all",
									"host": [
										"{{base_url}}request-type"
									],
									"path": [
										"all"
									]
								}
							},
							"status": "OK",
							"code": 200,
							"_postman_previewlanguage": "html",
							"header": [
								{
									"key": "X-Powered-By",
									"value": "Express"
								},
								{
									"key": "Access-Control-Allow-Origin",
									"value": "*"
								},
								{
									"key": "Content-Type",
									"value": "text/html; charset=utf-8"
								},
								{
									"key": "Content-Length",
									"value": "97"
								},
								{
									"key": "ETag",
									"value": "W/\"61-R1EQWjeAzSm51JUTXjpuR4eiQ5Q\""
								},
								{
									"key": "Date",
									"value": "Thu, 07 Nov 2024 19:30:49 GMT"
								},
								{
									"key": "Connection",
									"value": "keep-alive"
								},
								{
									"key": "Keep-Alive",
									"value": "timeout=5"
								}
							],
							"cookie": [],
							"body": "[{\"id\":1,\"nome\":\"processo 1\",\"fluxograma\":\"url\"},{\"id\":2,\"nome\":\"processo 2\",\"fluxograma\":\"url\"}]"
						}
					]
				}
			]
		},
		{
			"name": "Mural",
			"item": [
				{
					"name": "Index",
					"request": {
						"method": "GET",
						"header": [],
						"url": {
							"raw": "{{base_url}}request-type",
							"host": [
								"{{base_url}}request-type"
							]
						}
					},
					"response": []
				},
				{
					"name": "New",
					"request": {
						"method": "POST",
						"header": [
							{
								"key": "Authorization",
								"value": "{{api_key}}",
								"type": "text"
							}
						],
						"body": {
							"mode": "raw",
							"raw": "{\r\n    \"titulo\" : \"Publicação de teste\",\r\n    \"descricao\" : \"textinho de descricao\",\r\n    \"autor\": 24,\r\n    \"curso\": 1,\r\n    \"visivel\": 1\r\n}",
							"options": {
								"raw": {
									"language": "json"
								}
							}
						},
						"url": {
							"raw": "{{base_url}}mural/new",
							"host": [
								"{{base_url}}mural"
							],
							"path": [
								"new"
							]
						}
					},
					"response": [
						{
							"name": "New",
							"originalRequest": {
								"method": "POST",
								"header": [
									{
										"key": "Authorization",
										"value": "{{api_key}}",
										"type": "text"
									}
								],
								"body": {
									"mode": "raw",
									"raw": "{\r\n    \"titulo\" : \"Publicação de teste\",\r\n    \"descricao\" : \"textinho de descricao\",\r\n    \"autor\": 24,\r\n    \"curso\": 1,\r\n    \"visivel\": 1\r\n}",
									"options": {
										"raw": {
											"language": "json"
										}
									}
								},
								"url": {
									"raw": "{{base_url}}mural/new",
									"host": [
										"{{base_url}}mural"
									],
									"path": [
										"new"
									]
								}
							},
							"status": "OK",
							"code": 200,
							"_postman_previewlanguage": "html",
							"header": [
								{
									"key": "X-Powered-By",
									"value": "Express"
								},
								{
									"key": "Access-Control-Allow-Origin",
									"value": "*"
								},
								{
									"key": "Content-Type",
									"value": "text/html; charset=utf-8"
								},
								{
									"key": "Content-Length",
									"value": "188"
								},
								{
									"key": "ETag",
									"value": "W/\"bc-A0V2orqqiMTDtxTRNu9r4G/L1RM\""
								},
								{
									"key": "Date",
									"value": "Thu, 07 Nov 2024 20:14:20 GMT"
								},
								{
									"key": "Connection",
									"value": "keep-alive"
								},
								{
									"key": "Keep-Alive",
									"value": "timeout=5"
								}
							],
							"cookie": [],
							"body": "{\"id\":3,\"titulo\":\"Publicação de teste\",\"descricao\":\"textinho de descricao\",\"identificador\":\"JWnlSXm428KQSKqpYs16\",\"autor\":24,\"data\":\"2024-11-07T20:14:20.000Z\",\"curso_alvo\":1,\"visivel\":1}"
						}
					]
				},
				{
					"name": "Get by id",
					"request": {
						"method": "GET",
						"header": [
							{
								"key": "Authorization",
								"value": "{{api_key}}",
								"type": "text"
							}
						],
						"url": {
							"raw": "{{base_url}}mural/id/3",
							"host": [
								"{{base_url}}mural"
							],
							"path": [
								"id",
								"3"
							]
						}
					},
					"response": [
						{
							"name": "Get by id",
							"originalRequest": {
								"method": "GET",
								"header": [
									{
										"key": "Authorization",
										"value": "{{api_key}}",
										"type": "text"
									}
								],
								"url": {
									"raw": "{{base_url}}mural/id/3",
									"host": [
										"{{base_url}}mural"
									],
									"path": [
										"id",
										"3"
									]
								}
							},
							"status": "OK",
							"code": 200,
							"_postman_previewlanguage": "html",
							"header": [
								{
									"key": "X-Powered-By",
									"value": "Express"
								},
								{
									"key": "Access-Control-Allow-Origin",
									"value": "*"
								},
								{
									"key": "Content-Type",
									"value": "text/html; charset=utf-8"
								},
								{
									"key": "Content-Length",
									"value": "188"
								},
								{
									"key": "ETag",
									"value": "W/\"bc-A0V2orqqiMTDtxTRNu9r4G/L1RM\""
								},
								{
									"key": "Date",
									"value": "Thu, 07 Nov 2024 20:16:54 GMT"
								},
								{
									"key": "Connection",
									"value": "keep-alive"
								},
								{
									"key": "Keep-Alive",
									"value": "timeout=5"
								}
							],
							"cookie": [],
							"body": "{\"id\":3,\"titulo\":\"Publicação de teste\",\"descricao\":\"textinho de descricao\",\"identificador\":\"JWnlSXm428KQSKqpYs16\",\"autor\":24,\"data\":\"2024-11-07T20:14:20.000Z\",\"curso_alvo\":1,\"visivel\":1}"
						}
					]
				},
				{
					"name": "Get by Identifier",
					"request": {
						"method": "GET",
						"header": [
							{
								"key": "Authorization",
								"value": "{{api_key}}",
								"type": "text"
							}
						],
						"url": {
							"raw": "{{base_url}}mural/identifier/JWnlSXm428KQSKqpYs16",
							"host": [
								"{{base_url}}mural"
							],
							"path": [
								"identifier",
								"JWnlSXm428KQSKqpYs16"
							]
						}
					},
					"response": [
						{
							"name": "Get by id Copy",
							"originalRequest": {
								"method": "GET",
								"header": [
									{
										"key": "Authorization",
										"value": "{{api_key}}",
										"type": "text"
									}
								],
								"url": {
									"raw": "{{base_url}}mural/identifier/JWnlSXm428KQSKqpYs16",
									"host": [
										"{{base_url}}mural"
									],
									"path": [
										"identifier",
										"JWnlSXm428KQSKqpYs16"
									]
								}
							},
							"status": "OK",
							"code": 200,
							"_postman_previewlanguage": "html",
							"header": [
								{
									"key": "X-Powered-By",
									"value": "Express"
								},
								{
									"key": "Access-Control-Allow-Origin",
									"value": "*"
								},
								{
									"key": "Content-Type",
									"value": "text/html; charset=utf-8"
								},
								{
									"key": "Content-Length",
									"value": "188"
								},
								{
									"key": "ETag",
									"value": "W/\"bc-A0V2orqqiMTDtxTRNu9r4G/L1RM\""
								},
								{
									"key": "Date",
									"value": "Thu, 07 Nov 2024 20:19:37 GMT"
								},
								{
									"key": "Connection",
									"value": "keep-alive"
								},
								{
									"key": "Keep-Alive",
									"value": "timeout=5"
								}
							],
							"cookie": [],
							"body": "{\"id\":3,\"titulo\":\"Publicação de teste\",\"descricao\":\"textinho de descricao\",\"identificador\":\"JWnlSXm428KQSKqpYs16\",\"autor\":24,\"data\":\"2024-11-07T20:14:20.000Z\",\"curso_alvo\":1,\"visivel\":1}"
						}
					]
				},
				{
					"name": "Get all",
					"request": {
						"method": "GET",
						"header": [
							{
								"key": "Authorization",
								"value": "{{api_key}}",
								"type": "text"
							}
						],
						"url": {
							"raw": "{{base_url}}mural/all",
							"host": [
								"{{base_url}}mural"
							],
							"path": [
								"all"
							]
						}
					},
					"response": [
						{
							"name": "Get all",
							"originalRequest": {
								"method": "GET",
								"header": [
									{
										"key": "Authorization",
										"value": "{{api_key}}",
										"type": "text"
									}
								],
								"url": {
									"raw": "{{base_url}}mural/all",
									"host": [
										"{{base_url}}mural"
									],
									"path": [
										"all"
									]
								}
							},
							"status": "OK",
							"code": 200,
							"_postman_previewlanguage": "html",
							"header": [
								{
									"key": "X-Powered-By",
									"value": "Express"
								},
								{
									"key": "Access-Control-Allow-Origin",
									"value": "*"
								},
								{
									"key": "Content-Type",
									"value": "text/html; charset=utf-8"
								},
								{
									"key": "Content-Length",
									"value": "190"
								},
								{
									"key": "ETag",
									"value": "W/\"be-YAxfTlVSMdt4g6bW5nhmm8yGq2w\""
								},
								{
									"key": "Date",
									"value": "Thu, 07 Nov 2024 20:17:09 GMT"
								},
								{
									"key": "Connection",
									"value": "keep-alive"
								},
								{
									"key": "Keep-Alive",
									"value": "timeout=5"
								}
							],
							"cookie": [],
							"body": "[{\"id\":3,\"titulo\":\"Publicação de teste\",\"descricao\":\"textinho de descricao\",\"identificador\":\"JWnlSXm428KQSKqpYs16\",\"autor\":24,\"data\":\"2024-11-07T20:14:20.000Z\",\"curso_alvo\":1,\"visivel\":1}]"
						}
					]
				}
			]
		},
		{
			"name": "Users",
			"item": [
				{
					"name": "Get all",
					"request": {
						"method": "GET",
						"header": [
							{
								"key": "Authorization",
								"value": "{{api_key}}",
								"type": "text"
							}
						],
						"url": {
							"raw": "{{base_url}}users/all",
							"host": [
								"{{base_url}}users"
							],
							"path": [
								"all"
							]
						}
					},
					"response": [
						{
							"name": "Get all",
							"originalRequest": {
								"method": "GET",
								"header": [
									{
										"key": "Authorization",
										"value": "{{api_key}}",
										"type": "text"
									}
								],
								"url": {
									"raw": "{{base_url}}users/all",
									"host": [
										"{{base_url}}users"
									],
									"path": [
										"all"
									]
								}
							},
							"status": "OK",
							"code": 200,
							"_postman_previewlanguage": "html",
							"header": [
								{
									"key": "X-Powered-By",
									"value": "Express"
								},
								{
									"key": "Access-Control-Allow-Origin",
									"value": "*"
								},
								{
									"key": "Content-Type",
									"value": "text/html; charset=utf-8"
								},
								{
									"key": "Content-Length",
									"value": "1639"
								},
								{
									"key": "ETag",
									"value": "W/\"667-KYHLgekcqk9DX70X5fDD7qHR6wc\""
								},
								{
									"key": "Date",
									"value": "Mon, 11 Nov 2024 18:17:36 GMT"
								},
								{
									"key": "Connection",
									"value": "keep-alive"
								},
								{
									"key": "Keep-Alive",
									"value": "timeout=5"
								}
							],
							"cookie": [],
							"body": "[{\"id\":24,\"email\":\"perussilucas@hotmail.com\",\"senha\":\"$2a$10$WWaHYx2/cfAk2SgNcxKLY.xXcOrImswudv12aQXtUOg9IpVHxkr/W\",\"registro\":\"GRR20193759\",\"nome\":\"Lucas\",\"sobrenome\":\"Perussi\",\"nascimento\":\"1999-07-28T00:00:00.000Z\",\"criado_em\":\"2024-10-10T20:05:21.000Z\",\"funcao\":1,\"foto\":\"\",\"status_usuario\":1,\"curso\":null,\"status_curso\":1},{\"id\":25,\"email\":\"professor@hotmail.com\",\"senha\":\"$2a$10$ES5CjJKLmuXbV4OhsX1G3.oafMmsiQHwhAfJV9DVuHbBI658fVcW6\",\"registro\":\"PRF20193759\",\"nome\":\"Lucas\",\"sobrenome\":\"Professor\",\"nascimento\":\"1999-07-28T00:00:00.000Z\",\"criado_em\":\"2024-10-11T14:06:56.000Z\",\"funcao\":1,\"foto\":\"\",\"status_usuario\":1,\"curso\":null,\"status_curso\":1},{\"id\":26,\"email\":\"proffdgdfgessor@hotmail.com\",\"senha\":\"$2a$10$ORd9E9JYh6MAwKwE3T.Ouug1Lzsw8Pk/etp0aOvOLCpclfAk9y4Na\",\"registro\":\"PRF20df193759\",\"nome\":\"Lucas\",\"sobrenome\":\"Professor\",\"nascimento\":\"1999-07-28T00:00:00.000Z\",\"criado_em\":\"2024-10-23T17:48:20.000Z\",\"funcao\":1,\"foto\":\"\",\"status_usuario\":1,\"curso\":null,\"status_curso\":1},{\"id\":27,\"email\":\"perussilucas@icloud.com\",\"senha\":\"$2a$10$fjQuLnfRhxUzDo2a/VgtA.cTEpKqTccTBvxNtcuD2ckqyWRqDkzoS\",\"registro\":\"GRR20193750\",\"nome\":\"Lucas\",\"sobrenome\":\"Perussi\",\"nascimento\":\"1999-07-28T00:00:00.000Z\",\"criado_em\":\"2024-10-23T18:10:46.000Z\",\"funcao\":1,\"foto\":\"\",\"status_usuario\":1,\"curso\":null,\"status_curso\":1},{\"id\":28,\"email\":\"math_fiori@hotmail.com\",\"senha\":\"$2a$10$XU4cEHvwbZFeEySvWWjyUutl75liJOFo5doQpY39vbMWnAqK0GW..\",\"registro\":\"GRR20211618\",\"nome\":\"Matheus\",\"sobrenome\":\"Fiori\",\"nascimento\":\"2002-01-22T00:00:00.000Z\",\"criado_em\":\"2024-11-04T18:43:21.000Z\",\"funcao\":1,\"foto\":\"\",\"status_usuario\":1,\"curso\":null,\"status_curso\":1}]"
						}
					]
				},
				{
					"name": "By id",
					"request": {
						"method": "GET",
						"header": [
							{
								"key": "Authorization",
								"value": "{{api_key}}",
								"type": "text"
							}
						],
						"url": {
							"raw": "{{base_url}}users/id/27",
							"host": [
								"{{base_url}}users"
							],
							"path": [
								"id",
								"27"
							]
						}
					},
					"response": [
						{
							"name": "By id",
							"originalRequest": {
								"method": "GET",
								"header": [
									{
										"key": "Authorization",
										"value": "{{api_key}}",
										"type": "text"
									}
								],
								"url": {
									"raw": "{{base_url}}users/id/27",
									"host": [
										"{{base_url}}users"
									],
									"path": [
										"id",
										"27"
									]
								}
							},
							"status": "OK",
							"code": 200,
							"_postman_previewlanguage": "html",
							"header": [
								{
									"key": "X-Powered-By",
									"value": "Express"
								},
								{
									"key": "Access-Control-Allow-Origin",
									"value": "*"
								},
								{
									"key": "Content-Type",
									"value": "text/html; charset=utf-8"
								},
								{
									"key": "Content-Length",
									"value": "325"
								},
								{
									"key": "ETag",
									"value": "W/\"145-eI83ml5NxnSe5BUKziWhr42OdIc\""
								},
								{
									"key": "Date",
									"value": "Mon, 11 Nov 2024 18:21:23 GMT"
								},
								{
									"key": "Connection",
									"value": "keep-alive"
								},
								{
									"key": "Keep-Alive",
									"value": "timeout=5"
								}
							],
							"cookie": [],
							"body": "{\"id\":27,\"email\":\"perussilucas@icloud.com\",\"senha\":\"$2a$10$fjQuLnfRhxUzDo2a/VgtA.cTEpKqTccTBvxNtcuD2ckqyWRqDkzoS\",\"registro\":\"GRR20193750\",\"nome\":\"Lucas\",\"sobrenome\":\"Perussi\",\"nascimento\":\"1999-07-28T00:00:00.000Z\",\"criado_em\":\"2024-10-23T18:10:46.000Z\",\"funcao\":1,\"foto\":\"\",\"status_usuario\":1,\"curso\":null,\"status_curso\":1}"
						}
					]
				},
				{
					"name": "By Role",
					"request": {
						"method": "GET",
						"header": [
							{
								"key": "Authorization",
								"value": "{{api_key}}",
								"type": "text"
							}
						],
						"url": {
							"raw": "{{base_url}}users/role/1",
							"host": [
								"{{base_url}}users"
							],
							"path": [
								"role",
								"1"
							]
						}
					},
					"response": [
						{
							"name": "By Role",
							"originalRequest": {
								"method": "GET",
								"header": [
									{
										"key": "Authorization",
										"value": "{{api_key}}",
										"type": "text"
									}
								],
								"url": {
									"raw": "{{base_url}}users/role/1",
									"host": [
										"{{base_url}}users"
									],
									"path": [
										"role",
										"1"
									]
								}
							},
							"status": "OK",
							"code": 200,
							"_postman_previewlanguage": "html",
							"header": [
								{
									"key": "X-Powered-By",
									"value": "Express"
								},
								{
									"key": "Access-Control-Allow-Origin",
									"value": "*"
								},
								{
									"key": "Content-Type",
									"value": "text/html; charset=utf-8"
								},
								{
									"key": "Content-Length",
									"value": "1639"
								},
								{
									"key": "ETag",
									"value": "W/\"667-KYHLgekcqk9DX70X5fDD7qHR6wc\""
								},
								{
									"key": "Date",
									"value": "Mon, 11 Nov 2024 18:22:52 GMT"
								},
								{
									"key": "Connection",
									"value": "keep-alive"
								},
								{
									"key": "Keep-Alive",
									"value": "timeout=5"
								}
							],
							"cookie": [],
							"body": "[{\"id\":24,\"email\":\"perussilucas@hotmail.com\",\"senha\":\"$2a$10$WWaHYx2/cfAk2SgNcxKLY.xXcOrImswudv12aQXtUOg9IpVHxkr/W\",\"registro\":\"GRR20193759\",\"nome\":\"Lucas\",\"sobrenome\":\"Perussi\",\"nascimento\":\"1999-07-28T00:00:00.000Z\",\"criado_em\":\"2024-10-10T20:05:21.000Z\",\"funcao\":1,\"foto\":\"\",\"status_usuario\":1,\"curso\":null,\"status_curso\":1},{\"id\":25,\"email\":\"professor@hotmail.com\",\"senha\":\"$2a$10$ES5CjJKLmuXbV4OhsX1G3.oafMmsiQHwhAfJV9DVuHbBI658fVcW6\",\"registro\":\"PRF20193759\",\"nome\":\"Lucas\",\"sobrenome\":\"Professor\",\"nascimento\":\"1999-07-28T00:00:00.000Z\",\"criado_em\":\"2024-10-11T14:06:56.000Z\",\"funcao\":1,\"foto\":\"\",\"status_usuario\":1,\"curso\":null,\"status_curso\":1},{\"id\":26,\"email\":\"proffdgdfgessor@hotmail.com\",\"senha\":\"$2a$10$ORd9E9JYh6MAwKwE3T.Ouug1Lzsw8Pk/etp0aOvOLCpclfAk9y4Na\",\"registro\":\"PRF20df193759\",\"nome\":\"Lucas\",\"sobrenome\":\"Professor\",\"nascimento\":\"1999-07-28T00:00:00.000Z\",\"criado_em\":\"2024-10-23T17:48:20.000Z\",\"funcao\":1,\"foto\":\"\",\"status_usuario\":1,\"curso\":null,\"status_curso\":1},{\"id\":27,\"email\":\"perussilucas@icloud.com\",\"senha\":\"$2a$10$fjQuLnfRhxUzDo2a/VgtA.cTEpKqTccTBvxNtcuD2ckqyWRqDkzoS\",\"registro\":\"GRR20193750\",\"nome\":\"Lucas\",\"sobrenome\":\"Perussi\",\"nascimento\":\"1999-07-28T00:00:00.000Z\",\"criado_em\":\"2024-10-23T18:10:46.000Z\",\"funcao\":1,\"foto\":\"\",\"status_usuario\":1,\"curso\":null,\"status_curso\":1},{\"id\":28,\"email\":\"math_fiori@hotmail.com\",\"senha\":\"$2a$10$XU4cEHvwbZFeEySvWWjyUutl75liJOFo5doQpY39vbMWnAqK0GW..\",\"registro\":\"GRR20211618\",\"nome\":\"Matheus\",\"sobrenome\":\"Fiori\",\"nascimento\":\"2002-01-22T00:00:00.000Z\",\"criado_em\":\"2024-11-04T18:43:21.000Z\",\"funcao\":1,\"foto\":\"\",\"status_usuario\":1,\"curso\":null,\"status_curso\":1}]"
						}
					]
				},
				{
					"name": "By email",
					"request": {
						"method": "GET",
						"header": [
							{
								"key": "Authorization",
								"value": "{{api_key}}",
								"type": "text"
							}
						],
						"url": {
							"raw": "{{base_url}}users/email/perussilucas@hotmail.com",
							"host": [
								"{{base_url}}users"
							],
							"path": [
								"email",
								"perussilucas@hotmail.com"
							]
						}
					},
					"response": [
						{
							"name": "By Email",
							"originalRequest": {
								"method": "GET",
								"header": [
									{
										"key": "Authorization",
										"value": "{{api_key}}",
										"type": "text"
									}
								],
								"url": {
									"raw": "{{base_url}}users/email/perussilucas@hotmail.com",
									"host": [
										"{{base_url}}users"
									],
									"path": [
										"email",
										"perussilucas@hotmail.com"
									]
								}
							},
							"status": "OK",
							"code": 200,
							"_postman_previewlanguage": "html",
							"header": [
								{
									"key": "X-Powered-By",
									"value": "Express"
								},
								{
									"key": "Access-Control-Allow-Origin",
									"value": "*"
								},
								{
									"key": "Content-Type",
									"value": "text/html; charset=utf-8"
								},
								{
									"key": "Content-Length",
									"value": "326"
								},
								{
									"key": "ETag",
									"value": "W/\"146-r56wyYAir91MxeD7TOutZYoEs6A\""
								},
								{
									"key": "Date",
									"value": "Mon, 11 Nov 2024 18:22:20 GMT"
								},
								{
									"key": "Connection",
									"value": "keep-alive"
								},
								{
									"key": "Keep-Alive",
									"value": "timeout=5"
								}
							],
							"cookie": [],
							"body": "{\"id\":24,\"email\":\"perussilucas@hotmail.com\",\"senha\":\"$2a$10$WWaHYx2/cfAk2SgNcxKLY.xXcOrImswudv12aQXtUOg9IpVHxkr/W\",\"registro\":\"GRR20193759\",\"nome\":\"Lucas\",\"sobrenome\":\"Perussi\",\"nascimento\":\"1999-07-28T00:00:00.000Z\",\"criado_em\":\"2024-10-10T20:05:21.000Z\",\"funcao\":1,\"foto\":\"\",\"status_usuario\":1,\"curso\":null,\"status_curso\":1}"
						}
					]
				}
			]
		}
	]
}